Date,Content Pillar,Headline,Subheadline,Photo Suggestion
September 2,Awareness/Engagement,Happy Healthy Cat Month: 5 Ways to Keep Your Cat Healthy All Year Long,Small habits can make a big difference in your cat's lifelong health and happiness.,"Happy, healthy cat relaxing at home or receiving gentle affection from its owner."
September 4,Educational/Reassuring,Responsible Dog Ownership Starts with Everyday Care,"Simple daily habits help keep your dog healthy, safe, and thriving.",Dog owner walking their dog on a leash or rewarding good behavior with treats.
September 7,Build Trust,Keep Your Pet Safe This Labor Day,Know what to do if your pet gets into BBQ foods or party leftovers.,Curious dog near a backyard BBQ or picnic setup with food safely out of reach.
September 9,Educational,Foxtail Season Isn't Over Yet,Learn where foxtails hide and how to protect your pet from these dangerous plants.,Dog walking through dry grass or close-up of foxtails in a California field.
September 11,Convert,Has Your Pet Had a Nose-to-Tail Exam This Year?,Annual wellness exams help catch health concerns before they become serious.,Veterinarian performing a wellness exam on a calm dog or cat.
September 14,Awareness/Educational,Remembering the Pets Who Left Paw Prints on Our Hearts,National Pet Memorial Day is a time to honor the unconditional love our pets gave us.,"Peaceful memorial image with a paw print ornament, candle, or framed pet photo."
September 16,Build Trust,Why Is My Dog Constantly Licking Their Paws?,"Excessive paw licking could be a sign of allergies, irritation, or another health issue.",Dog licking its paw or veterinarian examining a dog's feet.
September 18,Educational/Reassuring,Is Your Family Ready for an Emergency?,Build a pet emergency kit before wildfire season or other unexpected events.,"Flat lay of a pet emergency kit with supplies like food, medications, leash, and carrier."
September 21,Attract/Engagement,Happy Healthy Cat Month: Keep Indoor Cats Active & Engaged,Enrichment helps prevent boredom and supports your cat's physical and mental well-being.,"Cat climbing a cat tree, playing with toys, or using a puzzle feeder."
September 23,Build Trust,Senior Pets Need a Little Extra Care,"As pets age, routine exams become even more important for maintaining their quality of life.",Senior dog or cat spending time with its owner or veterinarian.
September 25,Convert,"Preventive Care Helps Pets Live Longer, Healthier Lives",Scheduling routine wellness visits today can help prevent bigger health problems tomorrow.,Happy pet receiving a treat after a veterinary visit or veterinarian with a smiling client.
September 29,Educational/Reassuring,Know What's Normal for Your Pet,"Changes in appetite, thirst, energy, or behavior can be early signs that something isn't right.",Pet owner observing their dog or cat at home or veterinarian talking with a client during an exam.